job_title,job_location,search_radius,job_type
Actuarial Analyst,San Francisco,5,all
Actuarial Analyst,San Jose,5,all
Actuarial Analyst,Oakland,5,all
Actuarial Analyst,Mountain View,5,all
Actuarial Analyst,Palo Alto,5,all
Actuarial Analyst,Berkeley,5,all
Actuarial Analyst,Alameda,5,all
Actuarial Analyst,San Rafael,5,all
Actuarial Analyst,Cupertino,5,all
Actuarial Analyst,San Mateo,5,all
Actuarial Analyst,Daly City,5,all
Actuarial Analyst,Redwood City,5,all
Actuarial Analyst,San Leandro,5,all
Actuarial Analyst,San Bruno,5,all
Actuarial Analyst,Walnut Creek,5,all
Actuarial Analyst,Fremont,5,all
Actuarial Analyst,Milpitas,5,all
Actuarial Analyst,Pleasanton,5,all
Actuarial Analyst,Hayward,5,all
Actuarial Analyst,South San Francisco,5,all
Allocation Analyst,San Francisco,5,all
Allocation Analyst,San Jose,5,all
Allocation Analyst,Oakland,5,all
Allocation Analyst,Mountain View,5,all
Allocation Analyst,Palo Alto,5,all
Allocation Analyst,Berkeley,5,all
Allocation Analyst,Alameda,5,all
Allocation Analyst,San Rafael,5,all
Allocation Analyst,Cupertino,5,all
Allocation Analyst,San Mateo,5,all
Allocation Analyst,Daly City,5,all
Allocation Analyst,Redwood City,5,all
Allocation Analyst,San Leandro,5,all
Allocation Analyst,San Bruno,5,all
Allocation Analyst,Walnut Creek,5,all
Allocation Analyst,Fremont,5,all
Allocation Analyst,Milpitas,5,all
Allocation Analyst,Pleasanton,5,all
Allocation Analyst,Hayward,5,all
Allocation Analyst,South San Francisco,5,all
Analyst,San Francisco,5,all
Analyst,San Jose,5,all
Analyst,Oakland,5,all
Analyst,Mountain View,5,all
Analyst,Palo Alto,5,all
Analyst,Berkeley,5,all
Analyst,Alameda,5,all
Analyst,San Rafael,5,all
Analyst,Cupertino,5,all
Analyst,San Mateo,5,all
Analyst,Daly City,5,all
Analyst,Redwood City,5,all
Analyst,San Leandro,5,all
Analyst,San Bruno,5,all
Analyst,Walnut Creek,5,all
Analyst,Fremont,5,all
Analyst,Milpitas,5,all
Analyst,Pleasanton,5,all
Analyst,Hayward,5,all
Analyst,South San Francisco,5,all
Analyst Operations,San Francisco,5,all
Analyst Operations,San Jose,5,all
Analyst Operations,Oakland,5,all
Analyst Operations,Mountain View,5,all
Analyst Operations,Palo Alto,5,all
Analyst Operations,Berkeley,5,all
Analyst Operations,Alameda,5,all
Analyst Operations,San Rafael,5,all
Analyst Operations,Cupertino,5,all
Analyst Operations,San Mateo,5,all
Analyst Operations,Daly City,5,all
Analyst Operations,Redwood City,5,all
Analyst Operations,San Leandro,5,all
Analyst Operations,San Bruno,5,all
Analyst Operations,Walnut Creek,5,all
Analyst Operations,Fremont,5,all
Analyst Operations,Milpitas,5,all
Analyst Operations,Pleasanton,5,all
Analyst Operations,Hayward,5,all
Analyst Operations,South San Francisco,5,all
Business Systems Analyst,San Francisco,5,all
Business Systems Analyst,San Jose,5,all
Business Systems Analyst,Oakland,5,all
Business Systems Analyst,Mountain View,5,all
Business Systems Analyst,Palo Alto,5,all
Business Systems Analyst,Berkeley,5,all
Business Systems Analyst,Alameda,5,all
Business Systems Analyst,San Rafael,5,all
Business Systems Analyst,Cupertino,5,all
Business Systems Analyst,San Mateo,5,all
Business Systems Analyst,Daly City,5,all
Business Systems Analyst,Redwood City,5,all
Business Systems Analyst,San Leandro,5,all
Business Systems Analyst,San Bruno,5,all
Business Systems Analyst,Walnut Creek,5,all
Business Systems Analyst,Fremont,5,all
Business Systems Analyst,Milpitas,5,all
Business Systems Analyst,Pleasanton,5,all
Business Systems Analyst,Hayward,5,all
Business Systems Analyst,South San Francisco,5,all
Computer Operations Analyst,San Francisco,5,all
Computer Operations Analyst,San Jose,5,all
Computer Operations Analyst,Oakland,5,all
Computer Operations Analyst,Mountain View,5,all
Computer Operations Analyst,Palo Alto,5,all
Computer Operations Analyst,Berkeley,5,all
Computer Operations Analyst,Alameda,5,all
Computer Operations Analyst,San Rafael,5,all
Computer Operations Analyst,Cupertino,5,all
Computer Operations Analyst,San Mateo,5,all
Computer Operations Analyst,Daly City,5,all
Computer Operations Analyst,Redwood City,5,all
Computer Operations Analyst,San Leandro,5,all
Computer Operations Analyst,San Bruno,5,all
Computer Operations Analyst,Walnut Creek,5,all
Computer Operations Analyst,Fremont,5,all
Computer Operations Analyst,Milpitas,5,all
Computer Operations Analyst,Pleasanton,5,all
Computer Operations Analyst,Hayward,5,all
Computer Operations Analyst,South San Francisco,5,all
Corporate Strategy Analyst,San Francisco,5,all
Corporate Strategy Analyst,San Jose,5,all
Corporate Strategy Analyst,Oakland,5,all
Corporate Strategy Analyst,Mountain View,5,all
Corporate Strategy Analyst,Palo Alto,5,all
Corporate Strategy Analyst,Berkeley,5,all
Corporate Strategy Analyst,Alameda,5,all
Corporate Strategy Analyst,San Rafael,5,all
Corporate Strategy Analyst,Cupertino,5,all
Corporate Strategy Analyst,San Mateo,5,all
Corporate Strategy Analyst,Daly City,5,all
Corporate Strategy Analyst,Redwood City,5,all
Corporate Strategy Analyst,San Leandro,5,all
Corporate Strategy Analyst,San Bruno,5,all
Corporate Strategy Analyst,Walnut Creek,5,all
Corporate Strategy Analyst,Fremont,5,all
Corporate Strategy Analyst,Milpitas,5,all
Corporate Strategy Analyst,Pleasanton,5,all
Corporate Strategy Analyst,Hayward,5,all
Corporate Strategy Analyst,South San Francisco,5,all
Bankruptcy Quality Analyst,San Francisco,5,all
Bankruptcy Quality Analyst,San Jose,5,all
Bankruptcy Quality Analyst,Oakland,5,all
Bankruptcy Quality Analyst,Mountain View,5,all
Bankruptcy Quality Analyst,Palo Alto,5,all
Bankruptcy Quality Analyst,Berkeley,5,all
Bankruptcy Quality Analyst,Alameda,5,all
Bankruptcy Quality Analyst,San Rafael,5,all
Bankruptcy Quality Analyst,Cupertino,5,all
Bankruptcy Quality Analyst,San Mateo,5,all
Bankruptcy Quality Analyst,Daly City,5,all
Bankruptcy Quality Analyst,Redwood City,5,all
Bankruptcy Quality Analyst,San Leandro,5,all
Bankruptcy Quality Analyst,San Bruno,5,all
Bankruptcy Quality Analyst,Walnut Creek,5,all
Bankruptcy Quality Analyst,Fremont,5,all
Bankruptcy Quality Analyst,Milpitas,5,all
Bankruptcy Quality Analyst,Pleasanton,5,all
Bankruptcy Quality Analyst,Hayward,5,all
Bankruptcy Quality Analyst,South San Francisco,5,all
Benefits Analyst,San Francisco,5,all
Benefits Analyst,San Jose,5,all
Benefits Analyst,Oakland,5,all
Benefits Analyst,Mountain View,5,all
Benefits Analyst,Palo Alto,5,all
Benefits Analyst,Berkeley,5,all
Benefits Analyst,Alameda,5,all
Benefits Analyst,San Rafael,5,all
Benefits Analyst,Cupertino,5,all
Benefits Analyst,San Mateo,5,all
Benefits Analyst,Daly City,5,all
Benefits Analyst,Redwood City,5,all
Benefits Analyst,San Leandro,5,all
Benefits Analyst,San Bruno,5,all
Benefits Analyst,Walnut Creek,5,all
Benefits Analyst,Fremont,5,all
Benefits Analyst,Milpitas,5,all
Benefits Analyst,Pleasanton,5,all
Benefits Analyst,Hayward,5,all
Benefits Analyst,South San Francisco,5,all
CRM Business Analyst,San Francisco,5,all
CRM Business Analyst,San Jose,5,all
CRM Business Analyst,Oakland,5,all
CRM Business Analyst,Mountain View,5,all
CRM Business Analyst,Palo Alto,5,all
CRM Business Analyst,Berkeley,5,all
CRM Business Analyst,Alameda,5,all
CRM Business Analyst,San Rafael,5,all
CRM Business Analyst,Cupertino,5,all
CRM Business Analyst,San Mateo,5,all
CRM Business Analyst,Daly City,5,all
CRM Business Analyst,Redwood City,5,all
CRM Business Analyst,San Leandro,5,all
CRM Business Analyst,San Bruno,5,all
CRM Business Analyst,Walnut Creek,5,all
CRM Business Analyst,Fremont,5,all
CRM Business Analyst,Milpitas,5,all
CRM Business Analyst,Pleasanton,5,all
CRM Business Analyst,Hayward,5,all
CRM Business Analyst,South San Francisco,5,all
Biostatistician,San Francisco,5,all
Biostatistician,San Jose,5,all
Biostatistician,Oakland,5,all
Biostatistician,Mountain View,5,all
Biostatistician,Palo Alto,5,all
Biostatistician,Berkeley,5,all
Biostatistician,Alameda,5,all
Biostatistician,San Rafael,5,all
Biostatistician,Cupertino,5,all
Biostatistician,San Mateo,5,all
Biostatistician,Daly City,5,all
Biostatistician,Redwood City,5,all
Biostatistician,San Leandro,5,all
Biostatistician,San Bruno,5,all
Biostatistician,Walnut Creek,5,all
Biostatistician,Fremont,5,all
Biostatistician,Milpitas,5,all
Biostatistician,Pleasanton,5,all
Biostatistician,Hayward,5,all
Biostatistician,South San Francisco,5,all
Business Analyst,San Francisco,5,all
Business Analyst,San Jose,5,all
Business Analyst,Oakland,5,all
Business Analyst,Mountain View,5,all
Business Analyst,Palo Alto,5,all
Business Analyst,Berkeley,5,all
Business Analyst,Alameda,5,all
Business Analyst,San Rafael,5,all
Business Analyst,Cupertino,5,all
Business Analyst,San Mateo,5,all
Business Analyst,Daly City,5,all
Business Analyst,Redwood City,5,all
Business Analyst,San Leandro,5,all
Business Analyst,San Bruno,5,all
Business Analyst,Walnut Creek,5,all
Business Analyst,Fremont,5,all
Business Analyst,Milpitas,5,all
Business Analyst,Pleasanton,5,all
Business Analyst,Hayward,5,all
Business Analyst,South San Francisco,5,all
Business Analytics Specialist,San Francisco,5,all
Business Analytics Specialist,San Jose,5,all
Business Analytics Specialist,Oakland,5,all
Business Analytics Specialist,Mountain View,5,all
Business Analytics Specialist,Palo Alto,5,all
Business Analytics Specialist,Berkeley,5,all
Business Analytics Specialist,Alameda,5,all
Business Analytics Specialist,San Rafael,5,all
Business Analytics Specialist,Cupertino,5,all
Business Analytics Specialist,San Mateo,5,all
Business Analytics Specialist,Daly City,5,all
Business Analytics Specialist,Redwood City,5,all
Business Analytics Specialist,San Leandro,5,all
Business Analytics Specialist,San Bruno,5,all
Business Analytics Specialist,Walnut Creek,5,all
Business Analytics Specialist,Fremont,5,all
Business Analytics Specialist,Milpitas,5,all
Business Analytics Specialist,Pleasanton,5,all
Business Analytics Specialist,Hayward,5,all
Business Analytics Specialist,South San Francisco,5,all
Business Data Analyst,San Francisco,5,all
Business Data Analyst,San Jose,5,all
Business Data Analyst,Oakland,5,all
Business Data Analyst,Mountain View,5,all
Business Data Analyst,Palo Alto,5,all
Business Data Analyst,Berkeley,5,all
Business Data Analyst,Alameda,5,all
Business Data Analyst,San Rafael,5,all
Business Data Analyst,Cupertino,5,all
Business Data Analyst,San Mateo,5,all
Business Data Analyst,Daly City,5,all
Business Data Analyst,Redwood City,5,all
Business Data Analyst,San Leandro,5,all
Business Data Analyst,San Bruno,5,all
Business Data Analyst,Walnut Creek,5,all
Business Data Analyst,Fremont,5,all
Business Data Analyst,Milpitas,5,all
Business Data Analyst,Pleasanton,5,all
Business Data Analyst,Hayward,5,all
Business Data Analyst,South San Francisco,5,all
Business Intelligence Analyst,San Francisco,5,all
Business Intelligence Analyst,San Jose,5,all
Business Intelligence Analyst,Oakland,5,all
Business Intelligence Analyst,Mountain View,5,all
Business Intelligence Analyst,Palo Alto,5,all
Business Intelligence Analyst,Berkeley,5,all
Business Intelligence Analyst,Alameda,5,all
Business Intelligence Analyst,San Rafael,5,all
Business Intelligence Analyst,Cupertino,5,all
Business Intelligence Analyst,San Mateo,5,all
Business Intelligence Analyst,Daly City,5,all
Business Intelligence Analyst,Redwood City,5,all
Business Intelligence Analyst,San Leandro,5,all
Business Intelligence Analyst,San Bruno,5,all
Business Intelligence Analyst,Walnut Creek,5,all
Business Intelligence Analyst,Fremont,5,all
Business Intelligence Analyst,Milpitas,5,all
Business Intelligence Analyst,Pleasanton,5,all
Business Intelligence Analyst,Hayward,5,all
Business Intelligence Analyst,South San Francisco,5,all
Customer Service Operations Analyst,San Francisco,5,all
Customer Service Operations Analyst,San Jose,5,all
Customer Service Operations Analyst,Oakland,5,all
Customer Service Operations Analyst,Mountain View,5,all
Customer Service Operations Analyst,Palo Alto,5,all
Customer Service Operations Analyst,Berkeley,5,all
Customer Service Operations Analyst,Alameda,5,all
Customer Service Operations Analyst,San Rafael,5,all
Customer Service Operations Analyst,Cupertino,5,all
Customer Service Operations Analyst,San Mateo,5,all
Customer Service Operations Analyst,Daly City,5,all
Customer Service Operations Analyst,Redwood City,5,all
Customer Service Operations Analyst,San Leandro,5,all
Customer Service Operations Analyst,San Bruno,5,all
Customer Service Operations Analyst,Walnut Creek,5,all
Customer Service Operations Analyst,Fremont,5,all
Customer Service Operations Analyst,Milpitas,5,all
Customer Service Operations Analyst,Pleasanton,5,all
Customer Service Operations Analyst,Hayward,5,all
Customer Service Operations Analyst,South San Francisco,5,all
Data Analyst,San Francisco,5,all
Data Analyst,San Jose,5,all
Data Analyst,Oakland,5,all
Data Analyst,Mountain View,5,all
Data Analyst,Palo Alto,5,all
Data Analyst,Berkeley,5,all
Data Analyst,Alameda,5,all
Data Analyst,San Rafael,5,all
Data Analyst,Cupertino,5,all
Data Analyst,San Mateo,5,all
Data Analyst,Daly City,5,all
Data Analyst,Redwood City,5,all
Data Analyst,San Leandro,5,all
Data Analyst,San Bruno,5,all
Data Analyst,Walnut Creek,5,all
Data Analyst,Fremont,5,all
Data Analyst,Milpitas,5,all
Data Analyst,Pleasanton,5,all
Data Analyst,Hayward,5,all
Data Analyst,South San Francisco,5,all
Data Analyst Growth,San Francisco,5,all
Data Analyst Growth,San Jose,5,all
Data Analyst Growth,Oakland,5,all
Data Analyst Growth,Mountain View,5,all
Data Analyst Growth,Palo Alto,5,all
Data Analyst Growth,Berkeley,5,all
Data Analyst Growth,Alameda,5,all
Data Analyst Growth,San Rafael,5,all
Data Analyst Growth,Cupertino,5,all
Data Analyst Growth,San Mateo,5,all
Data Analyst Growth,Daly City,5,all
Data Analyst Growth,Redwood City,5,all
Data Analyst Growth,San Leandro,5,all
Data Analyst Growth,San Bruno,5,all
Data Analyst Growth,Walnut Creek,5,all
Data Analyst Growth,Fremont,5,all
Data Analyst Growth,Milpitas,5,all
Data Analyst Growth,Pleasanton,5,all
Data Analyst Growth,Hayward,5,all
Data Analyst Growth,South San Francisco,5,all
Data Operations Analyst,San Francisco,5,all
Data Operations Analyst,San Jose,5,all
Data Operations Analyst,Oakland,5,all
Data Operations Analyst,Mountain View,5,all
Data Operations Analyst,Palo Alto,5,all
Data Operations Analyst,Berkeley,5,all
Data Operations Analyst,Alameda,5,all
Data Operations Analyst,San Rafael,5,all
Data Operations Analyst,Cupertino,5,all
Data Operations Analyst,San Mateo,5,all
Data Operations Analyst,Daly City,5,all
Data Operations Analyst,Redwood City,5,all
Data Operations Analyst,San Leandro,5,all
Data Operations Analyst,San Bruno,5,all
Data Operations Analyst,Walnut Creek,5,all
Data Operations Analyst,Fremont,5,all
Data Operations Analyst,Milpitas,5,all
Data Operations Analyst,Pleasanton,5,all
Data Operations Analyst,Hayward,5,all
Data Operations Analyst,South San Francisco,5,all
Data Reporting Analyst,San Francisco,5,all
Data Reporting Analyst,San Jose,5,all
Data Reporting Analyst,Oakland,5,all
Data Reporting Analyst,Mountain View,5,all
Data Reporting Analyst,Palo Alto,5,all
Data Reporting Analyst,Berkeley,5,all
Data Reporting Analyst,Alameda,5,all
Data Reporting Analyst,San Rafael,5,all
Data Reporting Analyst,Cupertino,5,all
Data Reporting Analyst,San Mateo,5,all
Data Reporting Analyst,Daly City,5,all
Data Reporting Analyst,Redwood City,5,all
Data Reporting Analyst,San Leandro,5,all
Data Reporting Analyst,San Bruno,5,all
Data Reporting Analyst,Walnut Creek,5,all
Data Reporting Analyst,Fremont,5,all
Data Reporting Analyst,Milpitas,5,all
Data Reporting Analyst,Pleasanton,5,all
Data Reporting Analyst,Hayward,5,all
Data Reporting Analyst,South San Francisco,5,all
Economic Data Analyst,San Francisco,5,all
Economic Data Analyst,San Jose,5,all
Economic Data Analyst,Oakland,5,all
Economic Data Analyst,Mountain View,5,all
Economic Data Analyst,Palo Alto,5,all
Economic Data Analyst,Berkeley,5,all
Economic Data Analyst,Alameda,5,all
Economic Data Analyst,San Rafael,5,all
Economic Data Analyst,Cupertino,5,all
Economic Data Analyst,San Mateo,5,all
Economic Data Analyst,Daly City,5,all
Economic Data Analyst,Redwood City,5,all
Economic Data Analyst,San Leandro,5,all
Economic Data Analyst,San Bruno,5,all
Economic Data Analyst,Walnut Creek,5,all
Economic Data Analyst,Fremont,5,all
Economic Data Analyst,Milpitas,5,all
Economic Data Analyst,Pleasanton,5,all
Economic Data Analyst,Hayward,5,all
Economic Data Analyst,South San Francisco,5,all
QA Analyst,San Francisco,5,all
QA Analyst,San Jose,5,all
QA Analyst,Oakland,5,all
QA Analyst,Mountain View,5,all
QA Analyst,Palo Alto,5,all
QA Analyst,Berkeley,5,all
QA Analyst,Alameda,5,all
QA Analyst,San Rafael,5,all
QA Analyst,Cupertino,5,all
QA Analyst,San Mateo,5,all
QA Analyst,Daly City,5,all
QA Analyst,Redwood City,5,all
QA Analyst,San Leandro,5,all
QA Analyst,San Bruno,5,all
QA Analyst,Walnut Creek,5,all
QA Analyst,Fremont,5,all
QA Analyst,Milpitas,5,all
QA Analyst,Pleasanton,5,all
QA Analyst,Hayward,5,all
QA Analyst,South San Francisco,5,all
Equity Analyst,San Francisco,5,all
Equity Analyst,San Jose,5,all
Equity Analyst,Oakland,5,all
Equity Analyst,Mountain View,5,all
Equity Analyst,Palo Alto,5,all
Equity Analyst,Berkeley,5,all
Equity Analyst,Alameda,5,all
Equity Analyst,San Rafael,5,all
Equity Analyst,Cupertino,5,all
Equity Analyst,San Mateo,5,all
Equity Analyst,Daly City,5,all
Equity Analyst,Redwood City,5,all
Equity Analyst,San Leandro,5,all
Equity Analyst,San Bruno,5,all
Equity Analyst,Walnut Creek,5,all
Equity Analyst,Fremont,5,all
Equity Analyst,Milpitas,5,all
Equity Analyst,Pleasanton,5,all
Equity Analyst,Hayward,5,all
Equity Analyst,South San Francisco,5,all
Graduate Business Analyst,San Francisco,5,all
Graduate Business Analyst,San Jose,5,all
Graduate Business Analyst,Oakland,5,all
Graduate Business Analyst,Mountain View,5,all
Graduate Business Analyst,Palo Alto,5,all
Graduate Business Analyst,Berkeley,5,all
Graduate Business Analyst,Alameda,5,all
Graduate Business Analyst,San Rafael,5,all
Graduate Business Analyst,Cupertino,5,all
Graduate Business Analyst,San Mateo,5,all
Graduate Business Analyst,Daly City,5,all
Graduate Business Analyst,Redwood City,5,all
Graduate Business Analyst,San Leandro,5,all
Graduate Business Analyst,San Bruno,5,all
Graduate Business Analyst,Walnut Creek,5,all
Graduate Business Analyst,Fremont,5,all
Graduate Business Analyst,Milpitas,5,all
Graduate Business Analyst,Pleasanton,5,all
Graduate Business Analyst,Hayward,5,all
Graduate Business Analyst,South San Francisco,5,all
Healthcare Data Analyst,San Francisco,5,all
Healthcare Data Analyst,San Jose,5,all
Healthcare Data Analyst,Oakland,5,all
Healthcare Data Analyst,Mountain View,5,all
Healthcare Data Analyst,Palo Alto,5,all
Healthcare Data Analyst,Berkeley,5,all
Healthcare Data Analyst,Alameda,5,all
Healthcare Data Analyst,San Rafael,5,all
Healthcare Data Analyst,Cupertino,5,all
Healthcare Data Analyst,San Mateo,5,all
Healthcare Data Analyst,Daly City,5,all
Healthcare Data Analyst,Redwood City,5,all
Healthcare Data Analyst,San Leandro,5,all
Healthcare Data Analyst,San Bruno,5,all
Healthcare Data Analyst,Walnut Creek,5,all
Healthcare Data Analyst,Fremont,5,all
Healthcare Data Analyst,Milpitas,5,all
Healthcare Data Analyst,Pleasanton,5,all
Healthcare Data Analyst,Hayward,5,all
Healthcare Data Analyst,South San Francisco,5,all
Human Resources Information System Analyst,San Francisco,5,all
Human Resources Information System Analyst,San Jose,5,all
Human Resources Information System Analyst,Oakland,5,all
Human Resources Information System Analyst,Mountain View,5,all
Human Resources Information System Analyst,Palo Alto,5,all
Human Resources Information System Analyst,Berkeley,5,all
Human Resources Information System Analyst,Alameda,5,all
Human Resources Information System Analyst,San Rafael,5,all
Human Resources Information System Analyst,Cupertino,5,all
Human Resources Information System Analyst,San Mateo,5,all
Human Resources Information System Analyst,Daly City,5,all
Human Resources Information System Analyst,Redwood City,5,all
Human Resources Information System Analyst,San Leandro,5,all
Human Resources Information System Analyst,San Bruno,5,all
Human Resources Information System Analyst,Walnut Creek,5,all
Human Resources Information System Analyst,Fremont,5,all
Human Resources Information System Analyst,Milpitas,5,all
Human Resources Information System Analyst,Pleasanton,5,all
Human Resources Information System Analyst,Hayward,5,all
Human Resources Information System Analyst,South San Francisco,5,all
Intelligence Analyst,San Francisco,5,all
Intelligence Analyst,San Jose,5,all
Intelligence Analyst,Oakland,5,all
Intelligence Analyst,Mountain View,5,all
Intelligence Analyst,Palo Alto,5,all
Intelligence Analyst,Berkeley,5,all
Intelligence Analyst,Alameda,5,all
Intelligence Analyst,San Rafael,5,all
Intelligence Analyst,Cupertino,5,all
Intelligence Analyst,San Mateo,5,all
Intelligence Analyst,Daly City,5,all
Intelligence Analyst,Redwood City,5,all
Intelligence Analyst,San Leandro,5,all
Intelligence Analyst,San Bruno,5,all
Intelligence Analyst,Walnut Creek,5,all
Intelligence Analyst,Fremont,5,all
Intelligence Analyst,Milpitas,5,all
Intelligence Analyst,Pleasanton,5,all
Intelligence Analyst,Hayward,5,all
Intelligence Analyst,South San Francisco,5,all
IT Asset Analyst,San Francisco,5,all
IT Asset Analyst,San Jose,5,all
IT Asset Analyst,Oakland,5,all
IT Asset Analyst,Mountain View,5,all
IT Asset Analyst,Palo Alto,5,all
IT Asset Analyst,Berkeley,5,all
IT Asset Analyst,Alameda,5,all
IT Asset Analyst,San Rafael,5,all
IT Asset Analyst,Cupertino,5,all
IT Asset Analyst,San Mateo,5,all
IT Asset Analyst,Daly City,5,all
IT Asset Analyst,Redwood City,5,all
IT Asset Analyst,San Leandro,5,all
IT Asset Analyst,San Bruno,5,all
IT Asset Analyst,Walnut Creek,5,all
IT Asset Analyst,Fremont,5,all
IT Asset Analyst,Milpitas,5,all
IT Asset Analyst,Pleasanton,5,all
IT Asset Analyst,Hayward,5,all
IT Asset Analyst,South San Francisco,5,all
IT Business Analyst,San Francisco,5,all
IT Business Analyst,San Jose,5,all
IT Business Analyst,Oakland,5,all
IT Business Analyst,Mountain View,5,all
IT Business Analyst,Palo Alto,5,all
IT Business Analyst,Berkeley,5,all
IT Business Analyst,Alameda,5,all
IT Business Analyst,San Rafael,5,all
IT Business Analyst,Cupertino,5,all
IT Business Analyst,San Mateo,5,all
IT Business Analyst,Daly City,5,all
IT Business Analyst,Redwood City,5,all
IT Business Analyst,San Leandro,5,all
IT Business Analyst,San Bruno,5,all
IT Business Analyst,Walnut Creek,5,all
IT Business Analyst,Fremont,5,all
IT Business Analyst,Milpitas,5,all
IT Business Analyst,Pleasanton,5,all
IT Business Analyst,Hayward,5,all
IT Business Analyst,South San Francisco,5,all
IT GRC Analyst,San Francisco,5,all
IT GRC Analyst,San Jose,5,all
IT GRC Analyst,Oakland,5,all
IT GRC Analyst,Mountain View,5,all
IT GRC Analyst,Palo Alto,5,all
IT GRC Analyst,Berkeley,5,all
IT GRC Analyst,Alameda,5,all
IT GRC Analyst,San Rafael,5,all
IT GRC Analyst,Cupertino,5,all
IT GRC Analyst,San Mateo,5,all
IT GRC Analyst,Daly City,5,all
IT GRC Analyst,Redwood City,5,all
IT GRC Analyst,San Leandro,5,all
IT GRC Analyst,San Bruno,5,all
IT GRC Analyst,Walnut Creek,5,all
IT GRC Analyst,Fremont,5,all
IT GRC Analyst,Milpitas,5,all
IT GRC Analyst,Pleasanton,5,all
IT GRC Analyst,Hayward,5,all
IT GRC Analyst,South San Francisco,5,all
IT Quality Assurance Analyst,San Francisco,5,all
IT Quality Assurance Analyst,San Jose,5,all
IT Quality Assurance Analyst,Oakland,5,all
IT Quality Assurance Analyst,Mountain View,5,all
IT Quality Assurance Analyst,Palo Alto,5,all
IT Quality Assurance Analyst,Berkeley,5,all
IT Quality Assurance Analyst,Alameda,5,all
IT Quality Assurance Analyst,San Rafael,5,all
IT Quality Assurance Analyst,Cupertino,5,all
IT Quality Assurance Analyst,San Mateo,5,all
IT Quality Assurance Analyst,Daly City,5,all
IT Quality Assurance Analyst,Redwood City,5,all
IT Quality Assurance Analyst,San Leandro,5,all
IT Quality Assurance Analyst,San Bruno,5,all
IT Quality Assurance Analyst,Walnut Creek,5,all
IT Quality Assurance Analyst,Fremont,5,all
IT Quality Assurance Analyst,Milpitas,5,all
IT Quality Assurance Analyst,Pleasanton,5,all
IT Quality Assurance Analyst,Hayward,5,all
Quality Assurance Analyst,South San Francisco,5,all
Quality Assurance Analyst,San Francisco,5,all
Quality Assurance Analyst,San Jose,5,all
Quality Assurance Analyst,Oakland,5,all
Quality Assurance Analyst,Mountain View,5,all
Quality Assurance Analyst,Palo Alto,5,all
Quality Assurance Analyst,Berkeley,5,all
Quality Assurance Analyst,Alameda,5,all
Quality Assurance Analyst,San Rafael,5,all
Quality Assurance Analyst,Cupertino,5,all
Quality Assurance Analyst,San Mateo,5,all
Quality Assurance Analyst,Daly City,5,all
Quality Assurance Analyst,Redwood City,5,all
Quality Assurance Analyst,San Leandro,5,all
Quality Assurance Analyst,San Bruno,5,all
Quality Assurance Analyst,Walnut Creek,5,all
Quality Assurance Analyst,Fremont,5,all
Quality Assurance Analyst,Milpitas,5,all
Quality Assurance Analyst,Pleasanton,5,all
Quality Assurance Analyst,Hayward,5,all
Quality Assurance Analyst,South San Francisco,5,all
Risk and Assurance Analyst,San Francisco,5,all
Risk and Assurance Analyst,San Jose,5,all
Risk and Assurance Analyst,Oakland,5,all
Risk and Assurance Analyst,Mountain View,5,all
Risk and Assurance Analyst,Palo Alto,5,all
Risk and Assurance Analyst,Berkeley,5,all
Risk and Assurance Analyst,Alameda,5,all
Risk and Assurance Analyst,San Rafael,5,all
Risk and Assurance Analyst,Cupertino,5,all
Risk and Assurance Analyst,San Mateo,5,all
Risk and Assurance Analyst,Daly City,5,all
Risk and Assurance Analyst,Redwood City,5,all
Risk and Assurance Analyst,San Leandro,5,all
Risk and Assurance Analyst,San Bruno,5,all
Risk and Assurance Analyst,Walnut Creek,5,all
Risk and Assurance Analyst,Fremont,5,all
Risk and Assurance Analyst,Milpitas,5,all
Risk and Assurance Analyst,Pleasanton,5,all
Risk and Assurance Analyst,Hayward,5,all
Risk and Assurance Analyst,South San Francisco,5,all
IT Solution Analyst,San Francisco,5,all
IT Solution Analyst,San Jose,5,all
IT Solution Analyst,Oakland,5,all
IT Solution Analyst,Mountain View,5,all
IT Solution Analyst,Palo Alto,5,all
IT Solution Analyst,Berkeley,5,all
IT Solution Analyst,Alameda,5,all
IT Solution Analyst,San Rafael,5,all
IT Solution Analyst,Cupertino,5,all
IT Solution Analyst,San Mateo,5,all
IT Solution Analyst,Daly City,5,all
IT Solution Analyst,Redwood City,5,all
IT Solution Analyst,San Leandro,5,all
IT Solution Analyst,San Bruno,5,all
IT Solution Analyst,Walnut Creek,5,all
IT Solution Analyst,Fremont,5,all
IT Solution Analyst,Milpitas,5,all
IT Solution Analyst,Pleasanton,5,all
IT Solution Analyst,Hayward,5,all
IT Solution Analyst,South San Francisco,5,all
Junior Analyst,San Francisco,5,all
Junior Analyst,San Jose,5,all
Junior Analyst,Oakland,5,all
Junior Analyst,Mountain View,5,all
Junior Analyst,Palo Alto,5,all
Junior Analyst,Berkeley,5,all
Junior Analyst,Alameda,5,all
Junior Analyst,San Rafael,5,all
Junior Analyst,Cupertino,5,all
Junior Analyst,San Mateo,5,all
Junior Analyst,Daly City,5,all
Junior Analyst,Redwood City,5,all
Junior Analyst,San Leandro,5,all
Junior Analyst,San Bruno,5,all
Junior Analyst,Walnut Creek,5,all
Junior Analyst,Fremont,5,all
Junior Analyst,Milpitas,5,all
Junior Analyst,Pleasanton,5,all
Junior Analyst,Hayward,5,all
Junior Analyst,South San Francisco,5,all
Junior Analyst Management,San Francisco,5,all
Junior Analyst Management,San Jose,5,all
Junior Analyst Management,Oakland,5,all
Junior Analyst Management,Mountain View,5,all
Junior Analyst Management,Palo Alto,5,all
Junior Analyst Management,Berkeley,5,all
Junior Analyst Management,Alameda,5,all
Junior Analyst Management,San Rafael,5,all
Junior Analyst Management,Cupertino,5,all
Junior Analyst Management,San Mateo,5,all
Junior Analyst Management,Daly City,5,all
Junior Analyst Management,Redwood City,5,all
Junior Analyst Management,San Leandro,5,all
Junior Analyst Management,San Bruno,5,all
Junior Analyst Management,Walnut Creek,5,all
Junior Analyst Management,Fremont,5,all
Junior Analyst Management,Milpitas,5,all
Junior Analyst Management,Pleasanton,5,all
Junior Analyst Management,Hayward,5,all
Junior Analyst Management,South San Francisco,5,all
Junior Business Analyst,San Francisco,5,all
Junior Business Analyst,San Jose,5,all
Junior Business Analyst,Oakland,5,all
Junior Business Analyst,Mountain View,5,all
Junior Business Analyst,Palo Alto,5,all
Junior Business Analyst,Berkeley,5,all
Junior Business Analyst,Alameda,5,all
Junior Business Analyst,San Rafael,5,all
Junior Business Analyst,Cupertino,5,all
Junior Business Analyst,San Mateo,5,all
Junior Business Analyst,Daly City,5,all
Junior Business Analyst,Redwood City,5,all
Junior Business Analyst,San Leandro,5,all
Junior Business Analyst,San Bruno,5,all
Junior Business Analyst,Walnut Creek,5,all
Junior Business Analyst,Fremont,5,all
Junior Business Analyst,Milpitas,5,all
Junior Business Analyst,Pleasanton,5,all
Junior Business Analyst,Hayward,5,all
Junior Business Analyst,South San Francisco,5,all
Junior IT Analyst,San Francisco,5,all
Junior IT Analyst,San Jose,5,all
Junior IT Analyst,Oakland,5,all
Junior IT Analyst,Mountain View,5,all
Junior IT Analyst,Palo Alto,5,all
Junior IT Analyst,Berkeley,5,all
Junior IT Analyst,Alameda,5,all
Junior IT Analyst,San Rafael,5,all
Junior IT Analyst,Cupertino,5,all
Junior IT Analyst,San Mateo,5,all
Junior IT Analyst,Daly City,5,all
Junior IT Analyst,Redwood City,5,all
Junior IT Analyst,San Leandro,5,all
Junior IT Analyst,San Bruno,5,all
Junior IT Analyst,Walnut Creek,5,all
Junior IT Analyst,Fremont,5,all
Junior IT Analyst,Milpitas,5,all
Junior IT Analyst,Pleasanton,5,all
Junior IT Analyst,Hayward,5,all
Junior IT Analyst,South San Francisco,5,all
Logistics Analyst,San Francisco,5,all
Logistics Analyst,San Jose,5,all
Logistics Analyst,Oakland,5,all
Logistics Analyst,Mountain View,5,all
Logistics Analyst,Palo Alto,5,all
Logistics Analyst,Berkeley,5,all
Logistics Analyst,Alameda,5,all
Logistics Analyst,San Rafael,5,all
Logistics Analyst,Cupertino,5,all
Logistics Analyst,San Mateo,5,all
Logistics Analyst,Daly City,5,all
Logistics Analyst,Redwood City,5,all
Logistics Analyst,San Leandro,5,all
Logistics Analyst,San Bruno,5,all
Logistics Analyst,Walnut Creek,5,all
Logistics Analyst,Fremont,5,all
Logistics Analyst,Milpitas,5,all
Logistics Analyst,Pleasanton,5,all
Logistics Analyst,Hayward,5,all
Logistics Analyst,South San Francisco,5,all
Network Analyst,San Francisco,5,all
Network Analyst,San Jose,5,all
Network Analyst,Oakland,5,all
Network Analyst,Mountain View,5,all
Network Analyst,Palo Alto,5,all
Network Analyst,Berkeley,5,all
Network Analyst,Alameda,5,all
Network Analyst,San Rafael,5,all
Network Analyst,Cupertino,5,all
Network Analyst,San Mateo,5,all
Network Analyst,Daly City,5,all
Network Analyst,Redwood City,5,all
Network Analyst,San Leandro,5,all
Network Analyst,San Bruno,5,all
Network Analyst,Walnut Creek,5,all
Network Analyst,Fremont,5,all
Network Analyst,Milpitas,5,all
Network Analyst,Pleasanton,5,all
Network Analyst,Hayward,5,all
Network Analyst,South San Francisco,5,all
Operations Analyst,San Francisco,5,all
Operations Analyst,San Jose,5,all
Operations Analyst,Oakland,5,all
Operations Analyst,Mountain View,5,all
Operations Analyst,Palo Alto,5,all
Operations Analyst,Berkeley,5,all
Operations Analyst,Alameda,5,all
Operations Analyst,San Rafael,5,all
Operations Analyst,Cupertino,5,all
Operations Analyst,San Mateo,5,all
Operations Analyst,Daly City,5,all
Operations Analyst,Redwood City,5,all
Operations Analyst,San Leandro,5,all
Operations Analyst,San Bruno,5,all
Operations Analyst,Walnut Creek,5,all
Operations Analyst,Fremont,5,all
Operations Analyst,Milpitas,5,all
Operations Analyst,Pleasanton,5,all
Operations Analyst,Hayward,5,all
Operations Analyst,South San Francisco,5,all
Pension Analyst,San Francisco,5,all
Pension Analyst,San Jose,5,all
Pension Analyst,Oakland,5,all
Pension Analyst,Mountain View,5,all
Pension Analyst,Palo Alto,5,all
Pension Analyst,Berkeley,5,all
Pension Analyst,Alameda,5,all
Pension Analyst,San Rafael,5,all
Pension Analyst,Cupertino,5,all
Pension Analyst,San Mateo,5,all
Pension Analyst,Daly City,5,all
Pension Analyst,Redwood City,5,all
Pension Analyst,San Leandro,5,all
Pension Analyst,San Bruno,5,all
Pension Analyst,Walnut Creek,5,all
Pension Analyst,Fremont,5,all
Pension Analyst,Milpitas,5,all
Pension Analyst,Pleasanton,5,all
Pension Analyst,Hayward,5,all
Pension Analyst,South San Francisco,5,all
Product Quality Control Analyst,San Francisco,5,all
Product Quality Control Analyst,San Jose,5,all
Product Quality Control Analyst,Oakland,5,all
Product Quality Control Analyst,Mountain View,5,all
Product Quality Control Analyst,Palo Alto,5,all
Product Quality Control Analyst,Berkeley,5,all
Product Quality Control Analyst,Alameda,5,all
Product Quality Control Analyst,San Rafael,5,all
Product Quality Control Analyst,Cupertino,5,all
Product Quality Control Analyst,San Mateo,5,all
Product Quality Control Analyst,Daly City,5,all
Product Quality Control Analyst,Redwood City,5,all
Product Quality Control Analyst,San Leandro,5,all
Product Quality Control Analyst,San Bruno,5,all
Product Quality Control Analyst,Walnut Creek,5,all
Product Quality Control Analyst,Fremont,5,all
Product Quality Control Analyst,Milpitas,5,all
Product Quality Control Analyst,Pleasanton,5,all
Product Quality Control Analyst,Hayward,5,all
Product Quality Control Analyst,South San Francisco,5,all
Production Data Analyst,San Francisco,5,all
Production Data Analyst,San Jose,5,all
Production Data Analyst,Oakland,5,all
Production Data Analyst,Mountain View,5,all
Production Data Analyst,Palo Alto,5,all
Production Data Analyst,Berkeley,5,all
Production Data Analyst,Alameda,5,all
Production Data Analyst,San Rafael,5,all
Production Data Analyst,Cupertino,5,all
Production Data Analyst,San Mateo,5,all
Production Data Analyst,Daly City,5,all
Production Data Analyst,Redwood City,5,all
Production Data Analyst,San Leandro,5,all
Production Data Analyst,San Bruno,5,all
Production Data Analyst,Walnut Creek,5,all
Production Data Analyst,Fremont,5,all
Production Data Analyst,Milpitas,5,all
Production Data Analyst,Pleasanton,5,all
Production Data Analyst,Hayward,5,all
Production Data Analyst,South San Francisco,5,all
Project Analyst,San Francisco,5,all
Project Analyst,San Jose,5,all
Project Analyst,Oakland,5,all
Project Analyst,Mountain View,5,all
Project Analyst,Palo Alto,5,all
Project Analyst,Berkeley,5,all
Project Analyst,Alameda,5,all
Project Analyst,San Rafael,5,all
Project Analyst,Cupertino,5,all
Project Analyst,San Mateo,5,all
Project Analyst,Daly City,5,all
Project Analyst,Redwood City,5,all
Project Analyst,San Leandro,5,all
Project Analyst,San Bruno,5,all
Project Analyst,Walnut Creek,5,all
Project Analyst,Fremont,5,all
Project Analyst,Milpitas,5,all
Project Analyst,Pleasanton,5,all
Project Analyst,Hayward,5,all
Project Analyst,South San Francisco,5,all
"Project Analyst, Cognitive Computing",San Francisco,5,all
"Project Analyst, Cognitive Computing",San Jose,5,all
"Project Analyst, Cognitive Computing",Oakland,5,all
"Project Analyst, Cognitive Computing",Mountain View,5,all
"Project Analyst, Cognitive Computing",Palo Alto,5,all
"Project Analyst, Cognitive Computing",Berkeley,5,all
"Project Analyst, Cognitive Computing",Alameda,5,all
"Project Analyst, Cognitive Computing",San Rafael,5,all
"Project Analyst, Cognitive Computing",Cupertino,5,all
"Project Analyst, Cognitive Computing",San Mateo,5,all
"Project Analyst, Cognitive Computing",Daly City,5,all
"Project Analyst, Cognitive Computing",Redwood City,5,all
"Project Analyst, Cognitive Computing",San Leandro,5,all
"Project Analyst, Cognitive Computing",San Bruno,5,all
"Project Analyst, Cognitive Computing",Walnut Creek,5,all
"Project Analyst, Cognitive Computing",Fremont,5,all
"Project Analyst, Cognitive Computing",Milpitas,5,all
"Project Analyst, Cognitive Computing",Pleasanton,5,all
"Project Analyst, Cognitive Computing",Hayward,5,all
"Project Analyst, Cognitive Computing",South San Francisco,5,all
QA Business Analyst,San Francisco,5,all
QA Business Analyst,San Jose,5,all
QA Business Analyst,Oakland,5,all
QA Business Analyst,Mountain View,5,all
QA Business Analyst,Palo Alto,5,all
QA Business Analyst,Berkeley,5,all
QA Business Analyst,Alameda,5,all
QA Business Analyst,San Rafael,5,all
QA Business Analyst,Cupertino,5,all
QA Business Analyst,San Mateo,5,all
QA Business Analyst,Daly City,5,all
QA Business Analyst,Redwood City,5,all
QA Business Analyst,San Leandro,5,all
QA Business Analyst,San Bruno,5,all
QA Business Analyst,Walnut Creek,5,all
QA Business Analyst,Fremont,5,all
QA Business Analyst,Milpitas,5,all
QA Business Analyst,Pleasanton,5,all
QA Business Analyst,Hayward,5,all
QA Business Analyst,South San Francisco,5,all
Reporting Analyst,San Francisco,5,all
Reporting Analyst,San Jose,5,all
Reporting Analyst,Oakland,5,all
Reporting Analyst,Mountain View,5,all
Reporting Analyst,Palo Alto,5,all
Reporting Analyst,Berkeley,5,all
Reporting Analyst,Alameda,5,all
Reporting Analyst,San Rafael,5,all
Reporting Analyst,Cupertino,5,all
Reporting Analyst,San Mateo,5,all
Reporting Analyst,Daly City,5,all
Reporting Analyst,Redwood City,5,all
Reporting Analyst,San Leandro,5,all
Reporting Analyst,San Bruno,5,all
Reporting Analyst,Walnut Creek,5,all
Reporting Analyst,Fremont,5,all
Reporting Analyst,Milpitas,5,all
Reporting Analyst,Pleasanton,5,all
Reporting Analyst,Hayward,5,all
Reporting Analyst,South San Francisco,5,all
SEO Analyst,San Francisco,5,all
SEO Analyst,San Francisco,5,all
SEO Analyst,San Jose,5,all
SEO Analyst,San Jose,5,all
SEO Analyst,Oakland,5,all
SEO Analyst,Oakland,5,all
SEO Analyst,Mountain View,5,all
SEO Analyst,Mountain View,5,all
SEO Analyst,Palo Alto,5,all
SEO Analyst,Palo Alto,5,all
SEO Analyst,Berkeley,5,all
SEO Analyst,Berkeley,5,all
SEO Analyst,Alameda,5,all
SEO Analyst,Alameda,5,all
SEO Analyst,San Rafael,5,all
SEO Analyst,San Rafael,5,all
SEO Analyst,Cupertino,5,all
SEO Analyst,Cupertino,5,all
SEO Analyst,San Mateo,5,all
SEO Analyst,San Mateo,5,all
SEO Analyst,Daly City,5,all
SEO Analyst,Daly City,5,all
SEO Analyst,Redwood City,5,all
SEO Analyst,Redwood City,5,all
SEO Analyst,San Leandro,5,all
SEO Analyst,San Leandro,5,all
SEO Analyst,San Bruno,5,all
SEO Analyst,San Bruno,5,all
SEO Analyst,Walnut Creek,5,all
SEO Analyst,Walnut Creek,5,all
SEO Analyst,Fremont,5,all
SEO Analyst,Fremont,5,all
SEO Analyst,Milpitas,5,all
SEO Analyst,Milpitas,5,all
SEO Analyst,Pleasanton,5,all
SEO Analyst,Pleasanton,5,all
SEO Analyst,Hayward,5,all
SEO Analyst,Hayward,5,all
SEO Analyst,South San Francisco,5,all
SEO Analyst,South San Francisco,5,all
Source Analyst,San Francisco,5,all
Source Analyst,San Jose,5,all
Source Analyst,Oakland,5,all
Source Analyst,Mountain View,5,all
Source Analyst,Palo Alto,5,all
Source Analyst,Berkeley,5,all
Source Analyst,Alameda,5,all
Source Analyst,San Rafael,5,all
Source Analyst,Cupertino,5,all
Source Analyst,San Mateo,5,all
Source Analyst,Daly City,5,all
Source Analyst,Redwood City,5,all
Source Analyst,San Leandro,5,all
Source Analyst,San Bruno,5,all
Source Analyst,Walnut Creek,5,all
Source Analyst,Fremont,5,all
Source Analyst,Milpitas,5,all
Source Analyst,Pleasanton,5,all
Source Analyst,Hayward,5,all
Source Analyst,South San Francisco,5,all
Staff Analyst,San Francisco,5,all
Staff Analyst,San Jose,5,all
Staff Analyst,Oakland,5,all
Staff Analyst,Mountain View,5,all
Staff Analyst,Palo Alto,5,all
Staff Analyst,Berkeley,5,all
Staff Analyst,Alameda,5,all
Staff Analyst,San Rafael,5,all
Staff Analyst,Cupertino,5,all
Staff Analyst,San Mateo,5,all
Staff Analyst,Daly City,5,all
Staff Analyst,Redwood City,5,all
Staff Analyst,San Leandro,5,all
Staff Analyst,San Bruno,5,all
Staff Analyst,Walnut Creek,5,all
Staff Analyst,Fremont,5,all
Staff Analyst,Milpitas,5,all
Staff Analyst,Pleasanton,5,all
Staff Analyst,Hayward,5,all
Staff Analyst,South San Francisco,5,all
Staff Business Data Analyst,San Francisco,5,all
Staff Business Data Analyst,San Jose,5,all
Staff Business Data Analyst,Oakland,5,all
Staff Business Data Analyst,Mountain View,5,all
Staff Business Data Analyst,Palo Alto,5,all
Staff Business Data Analyst,Berkeley,5,all
Staff Business Data Analyst,Alameda,5,all
Staff Business Data Analyst,San Rafael,5,all
Staff Business Data Analyst,Cupertino,5,all
Staff Business Data Analyst,San Mateo,5,all
Staff Business Data Analyst,Daly City,5,all
Staff Business Data Analyst,Redwood City,5,all
Staff Business Data Analyst,San Leandro,5,all
Staff Business Data Analyst,San Bruno,5,all
Staff Business Data Analyst,Walnut Creek,5,all
Staff Business Data Analyst,Fremont,5,all
Staff Business Data Analyst,Milpitas,5,all
Staff Business Data Analyst,Pleasanton,5,all
Staff Business Data Analyst,Hayward,5,all
Staff Business Data Analyst,South San Francisco,5,all
Supply Chain Analyst,San Francisco,5,all
Supply Chain Analyst,San Jose,5,all
Supply Chain Analyst,Oakland,5,all
Supply Chain Analyst,Mountain View,5,all
Supply Chain Analyst,Palo Alto,5,all
Supply Chain Analyst,Berkeley,5,all
Supply Chain Analyst,Alameda,5,all
Supply Chain Analyst,San Rafael,5,all
Supply Chain Analyst,Cupertino,5,all
Supply Chain Analyst,San Mateo,5,all
Supply Chain Analyst,Daly City,5,all
Supply Chain Analyst,Redwood City,5,all
Supply Chain Analyst,San Leandro,5,all
Supply Chain Analyst,San Bruno,5,all
Supply Chain Analyst,Walnut Creek,5,all
Supply Chain Analyst,Fremont,5,all
Supply Chain Analyst,Milpitas,5,all
Supply Chain Analyst,Pleasanton,5,all
Supply Chain Analyst,Hayward,5,all
Supply Chain Analyst,South San Francisco,5,all
System Analyst,San Francisco,5,all
System Analyst,San Jose,5,all
System Analyst,Oakland,5,all
System Analyst,Mountain View,5,all
System Analyst,Palo Alto,5,all
System Analyst,Berkeley,5,all
System Analyst,Alameda,5,all
System Analyst,San Rafael,5,all
System Analyst,Cupertino,5,all
System Analyst,San Mateo,5,all
System Analyst,Daly City,5,all
System Analyst,Redwood City,5,all
System Analyst,San Leandro,5,all
System Analyst,San Bruno,5,all
System Analyst,Walnut Creek,5,all
System Analyst,Fremont,5,all
System Analyst,Milpitas,5,all
System Analyst,Pleasanton,5,all
System Analyst,Hayward,5,all
System Analyst,South San Francisco,5,all
Work/Life Analyst,San Francisco,5,all
Work/Life Analyst,San Jose,5,all
Work/Life Analyst,Oakland,5,all
Work/Life Analyst,Mountain View,5,all
Work/Life Analyst,Palo Alto,5,all
Work/Life Analyst,Berkeley,5,all
Work/Life Analyst,Alameda,5,all
Work/Life Analyst,San Rafael,5,all
Work/Life Analyst,Cupertino,5,all
Work/Life Analyst,San Mateo,5,all
Work/Life Analyst,Daly City,5,all
Work/Life Analyst,Redwood City,5,all
Work/Life Analyst,San Leandro,5,all
Work/Life Analyst,San Bruno,5,all
Work/Life Analyst,Walnut Creek,5,all
Work/Life Analyst,Fremont,5,all
Work/Life Analyst,Milpitas,5,all
Work/Life Analyst,Pleasanton,5,all
Work/Life Analyst,Hayward,5,all
Work/Life Analyst,South San Francisco,5,all
Workplace Support Analyst,San Francisco,5,all
Workplace Support Analyst,San Jose,5,all
Workplace Support Analyst,Oakland,5,all
Workplace Support Analyst,Mountain View,5,all
Workplace Support Analyst,Palo Alto,5,all
Workplace Support Analyst,Berkeley,5,all
Workplace Support Analyst,Alameda,5,all
Workplace Support Analyst,San Rafael,5,all
Workplace Support Analyst,Cupertino,5,all
Workplace Support Analyst,San Mateo,5,all
Workplace Support Analyst,Daly City,5,all
Workplace Support Analyst,Redwood City,5,all
Workplace Support Analyst,San Leandro,5,all
Workplace Support Analyst,San Bruno,5,all
Workplace Support Analyst,Walnut Creek,5,all
Workplace Support Analyst,Fremont,5,all
Workplace Support Analyst,Milpitas,5,all
Workplace Support Analyst,Pleasanton,5,all
Workplace Support Analyst,Hayward,5,all
Workplace Support Analyst,South San Francisco,5,all
SEM Analyst,San Francisco,5,all
SEM Analyst,San Jose,5,all
SEM Analyst,Oakland,5,all
SEM Analyst,Mountain View,5,all
SEM Analyst,Palo Alto,5,all
SEM Analyst,Berkeley,5,all
SEM Analyst,Alameda,5,all
SEM Analyst,San Rafael,5,all
SEM Analyst,Cupertino,5,all
SEM Analyst,San Mateo,5,all
SEM Analyst,Daly City,5,all
SEM Analyst,Redwood City,5,all
SEM Analyst,San Leandro,5,all
SEM Analyst,San Bruno,5,all
SEM Analyst,Walnut Creek,5,all
SEM Analyst,Fremont,5,all
SEM Analyst,Milpitas,5,all
SEM Analyst,Pleasanton,5,all
SEM Analyst,Hayward,5,all
SEM Analyst,South San Francisco,5,all
Financial Analyst,San Francisco,5,all
Financial Analyst,San Jose,5,all
Financial Analyst,Oakland,5,all
Financial Analyst,Mountain View,5,all
Financial Analyst,Palo Alto,5,all
Financial Analyst,Berkeley,5,all
Financial Analyst,Alameda,5,all
Financial Analyst,San Rafael,5,all
Financial Analyst,Cupertino,5,all
Financial Analyst,San Mateo,5,all
Financial Analyst,Daly City,5,all
Financial Analyst,Redwood City,5,all
Financial Analyst,San Leandro,5,all
Financial Analyst,San Bruno,5,all
Financial Analyst,Walnut Creek,5,all
Financial Analyst,Fremont,5,all
Financial Analyst,Milpitas,5,all
Financial Analyst,Pleasanton,5,all
Financial Analyst,Hayward,5,all
Financial Analyst,South San Francisco,5,all
Marketing Analyst,San Francisco,5,all
Marketing Analyst,San Jose,5,all
Marketing Analyst,Oakland,5,all
Marketing Analyst,Mountain View,5,all
Marketing Analyst,Palo Alto,5,all
Marketing Analyst,Berkeley,5,all
Marketing Analyst,Alameda,5,all
Marketing Analyst,San Rafael,5,all
Marketing Analyst,Cupertino,5,all
Marketing Analyst,San Mateo,5,all
Marketing Analyst,Daly City,5,all
Marketing Analyst,Redwood City,5,all
Marketing Analyst,San Leandro,5,all
Marketing Analyst,San Bruno,5,all
Marketing Analyst,Walnut Creek,5,all
Marketing Analyst,Fremont,5,all
Marketing Analyst,Milpitas,5,all
Marketing Analyst,Pleasanton,5,all
Marketing Analyst,Hayward,5,all
Marketing Analyst,South San Francisco,5,all
HR analyst,San Francisco,5,all
HR analyst,San Jose,5,all
HR analyst,Oakland,5,all
HR analyst,Mountain View,5,all
HR analyst,Palo Alto,5,all
HR analyst,Berkeley,5,all
HR analyst,Alameda,5,all
HR analyst,San Rafael,5,all
HR analyst,Cupertino,5,all
HR analyst,San Mateo,5,all
HR analyst,Daly City,5,all
HR analyst,Redwood City,5,all
HR analyst,San Leandro,5,all
HR analyst,San Bruno,5,all
HR analyst,Walnut Creek,5,all
HR analyst,Fremont,5,all
HR analyst,Milpitas,5,all
HR analyst,Pleasanton,5,all
HR analyst,Hayward,5,all
HR analyst,South San Francisco,5,all
People analyst,San Francisco,5,all
People analyst,San Jose,5,all
People analyst,Oakland,5,all
People analyst,Mountain View,5,all
People analyst,Palo Alto,5,all
People analyst,Berkeley,5,all
People analyst,Alameda,5,all
People analyst,San Rafael,5,all
People analyst,Cupertino,5,all
People analyst,San Mateo,5,all
People analyst,Daly City,5,all
People analyst,Redwood City,5,all
People analyst,San Leandro,5,all
People analyst,San Bruno,5,all
People analyst,Walnut Creek,5,all
People analyst,Fremont,5,all
People analyst,Milpitas,5,all
People analyst,Pleasanton,5,all
People analyst,Hayward,5,all
People analyst,South San Francisco,5,all
